type,neighborhood,address,price,geo,beds,baths,sqft,url
Rental Unit,Rego Park,97-45 63 Drive #6J,"$2,395","40.73106879,-73.85921779",1 Bed,1 Bath,NA,https://streeteasy.com/building/97_45-63-drive-rego_park/6j?featured=1
Rental Unit,South Harlem,1309 Fifth Avenue #4C,"$2,400","40.79680564,-73.94813965",Studio,1 Bath,NA,https://streeteasy.com/building/the-heritage-at-1301-5th-avenue/4c?featured=1
Rental Unit,East Harlem,234 East 106th Street #5A,"$2,025","40.79073483,-73.94343876",1 Bed,1 Bath,NA,https://streeteasy.com/building/234-east-106-street-new_york/5a
Rental Unit,Flushing,36-35 167th Street #6D,"$1,925","40.76183285,-73.79878235",1 Bed,1 Bath,925,https://streeteasy.com/building/36_35-167-street-flushing/6d
Rental Unit,Briarwood,138-28 Queens Boulevard #5C,"$2,400","40.70792798,-73.81827439",1 Bed,1 Bath,590,https://streeteasy.com/building/le-tour/5c?infeed=1
Rental Unit,Lenox Hill,167 East 77th Street #17,"$2,195","40.77350447,-73.95894577",1 Bed,1 Bath,NA,https://streeteasy.com/building/167-east-77-street-new_york/17
Rental Unit,Bay Ridge,7025 Shore Road #1,"$1,900","40.63732751,-74.03577483",1 Bed,1 Bath,NA,https://streeteasy.com/building/7025-shore-road-brooklyn/1
Rental Unit,Forest Hills,103-19 68 Road #X,"$1,750","40.72553406,-73.84951718",Studio,1 Bath,400,https://streeteasy.com/building/103_19-68-road-forest_hills/x
Rental Unit,Upper West Side,22 West 77th Street #333,"$1,995","40.77981924,-73.97510009",Studio,1 Bath,NA,https://streeteasy.com/building/22-west-77-street-new_york/333
Rental Unit,Upper West Side,155 West 83rd Street #100,"$2,100","40.78546793,-73.97520993",Studio,1 Bath,NA,https://streeteasy.com/building/the-norma/100
Rental Unit,Forest Hills,112-41 72 Road #2H,"$2,150","40.72167671,-73.83672601",1 Bed,1 Bath,NA,https://streeteasy.com/building/112_41-72-road-forest_hills/2h
Rental Unit,Park Slope,640 Carroll Street #7B,"$2,200","40.67475658,-73.98092188",1 Bed,1 Bath,NA,https://streeteasy.com/building/640-carroll-street-brooklyn/7b
Rental Unit,Kips Bay,226 East 26th Street #BSMNT,"$1,950","40.73998308,-73.98056399",Studio,1 Bath,NA,https://streeteasy.com/building/226-east-26-street-new_york/bsmnt
Rental Unit,Forest Hills,70-01 113rd Street #3D,"$1,750","40.72349946,-73.83883207",Studio,1 Bath,650,https://streeteasy.com/building/70_01-113-street-forest_hills/3d
Rental Unit,South Harlem,1309 Fifth Avenue #4C,"$2,400","40.79680564,-73.94813965",Studio,1 Bath,NA,https://streeteasy.com/building/the-heritage-at-1301-5th-avenue/4c?featured=1
Rental Unit,Rego Park,97-45 63 Drive #6J,"$2,395","40.73106879,-73.85921779",1 Bed,1 Bath,NA,https://streeteasy.com/building/97_45-63-drive-rego_park/6j?featured=1
Rental Unit,Forest Hills,108-22 72nd Avenue #3F,"$1,750","40.71982579,-73.84194704",Studio,1 Bath,NA,https://streeteasy.com/building/108_22-72-avenue-forest_hills/3f
Rental Unit,Forest Hills,108-22 72nd Avenue #6H,"$2,100","40.71982579,-73.84194704",1 Bed,1 Bath,NA,https://streeteasy.com/building/108_22-72-avenue-forest_hills/6h
Rental Unit,Briarwood,138-28 Queens Boulevard #4B,"$2,350","40.70792798,-73.81827439",1 Bed,1 Bath,500,https://streeteasy.com/building/le-tour/4b?infeed=1
Rental Unit,Lenox Hill,332 East 66th Street #4D,"$2,200","40.76425231,-73.95998391",Studio,1 Bath,NA,https://streeteasy.com/building/332-east-66-street-new_york/4d
Rental Unit,Weeksville,1393 Lincoln Place #1A,"$2,000","40.66991454,-73.93040163",Studio,1 Bath,NA,https://streeteasy.com/building/1393-lincoln-place-brooklyn/1a
Rental Unit,Stuyvesant Heights,814 Macon Street #1C,"$2,385","40.68445661,-73.9182716",Studio,1 Bath,660,https://streeteasy.com/building/814-macon-street-brooklyn/1c
Rental Unit,Hell's Kitchen,306 West 51st Street #4E,"$2,400","40.76299862,-73.98641608",Studio,1 Bath,NA,https://streeteasy.com/building/306-west-51-street-new_york/4e
Rental Unit,Astoria,34-50 28th Street #1,"$1,700","40.75960159,-73.93099976",Studio,1 Bath,NA,https://streeteasy.com/building/34_50-28-street-astoria/1
Rental Unit,Lenox Hill,1475 Second Avenue #4H,"$2,488","40.77199936,-73.95649719",Studio,1 Bath,NA,https://streeteasy.com/building/1475-2-avenue-manhattan/4h
Rental Unit,Forest Hills,66-10 108th Street #4G,"$1,975","40.72985011,-73.84840336",1 Bed,1 Bath,775,https://streeteasy.com/building/66_20-108-street-forest_hills/rental/3902579
Rental Unit,Murray Hill (Queens),144-45 35th Avenue #APT4,"$1,875","40.76645219,-73.82209298",1 Bed,1 Bath,750,https://streeteasy.com/building/144_45-35-avenue-flushing/apt4
Rental Unit,Fort George,42 Thayer Street #6B,"$1,900","40.86261509,-73.92684499",1 Bed,1 Bath,750,https://streeteasy.com/building/42-thayer-street-new_york/6b
Rental Unit,South Harlem,1309 Fifth Avenue #4C,"$2,400","40.79680564,-73.94813965",Studio,1 Bath,NA,https://streeteasy.com/building/the-heritage-at-1301-5th-avenue/4c?featured=1
Rental Unit,Rego Park,97-45 63 Drive #6J,"$2,395","40.73106879,-73.85921779",1 Bed,1 Bath,NA,https://streeteasy.com/building/97_45-63-drive-rego_park/6j?featured=1
Rental Unit,Murray Hill (Queens),41-11 Parsons Boulevard #211,"$1,625","40.76040621,-73.82077353",Studio,1 Bath,NA,https://streeteasy.com/building/144_20-41-avenue-flushing/211
Rental Unit,East Flushing,140-32 Franklin Avenue #APT6G,"$1,850","40.75593092,-73.8234602",1 Bed,1 Bath,750,https://streeteasy.com/building/140_32-franklin-avenue-flushing/apt6g
Rental Unit,Briarwood,138-28 Queens Boulevard #5C,"$2,400","40.70792798,-73.81827439",1 Bed,1 Bath,590,https://streeteasy.com/building/le-tour/5c?infeed=1
Rental Unit,Forest Hills,75-33 113rd Street #APT2A,"$1,700","40.71867156,-73.83505229",Studio,1 Bath,625,https://streeteasy.com/building/75_33-113-street-forest_hills/apt2a
Rental Unit,Kips Bay,142 East 27th Street #5B,"$2,395","40.74160004,-73.98239899",Studio,1 Bath,NA,https://streeteasy.com/building/142-east-27-street-new_york/5b
Rental Unit,Borough Park,1540 52nd Street #2,"$1,525","40.62989962,-73.98861918",Studio,1 Bath,500,https://streeteasy.com/building/1540-52-street-brooklyn/2
Rental Unit,Washington Heights,260 Audubon Avenue #20L,"$2,200","40.84680375,-73.93282255",Studio,1 Bath,NA,https://streeteasy.com/building/260-audubon-avenue-new_york/20l
Co-op,Forest Hills,67-12 Yellowston Boulevard #C1,"$2,250","40.72800064,-73.84970093",1 Bed,1 Bath,975,https://streeteasy.com/building/67_12-yellowstone-blvd-forest_hills/c1
Co-op,Kew Gardens Hills,144-46 77 Road #2A,"$1,775","40.72090149,-73.81710052",1 Bed,1 Bath,650,https://streeteasy.com/building/144_40-77-road-flushing/2a
Co-op,Forest Hills,67-12 Yellowston Boulevard #A15,"$1,800","40.72800064,-73.84970093",Studio,1 Bath,700,https://streeteasy.com/building/67_12-yellowstone-blvd-forest_hills/a15
Rental Unit,Hudson Heights,386 Ft Washington Avenue #4C,"$1,825","40.8480451,-73.93910687",Studio,1 Bath,NA,https://streeteasy.com/building/386-ft-washington-avenue-new_york/4c
Rental Unit,Bay Ridge,7022 Ridge Boulevard #B8,"$1,900","40.63520756,-74.02954059",1 Bed,1 Bath,900,https://streeteasy.com/building/7022-ridge-boulevard-brooklyn/b8
Rental Unit,East Harlem,258 East 112nd Street #2C,"$2,175","40.79435337,-73.93995775",1 Bed,1 Bath,650,https://streeteasy.com/building/258-east-112-street-new_york/2c?featured=1
Rental Unit,South Harlem,444 Manhattan Avenue #1B,"$2,780","40.80649948,-73.95549774",Studio,1 Bath,NA,https://streeteasy.com/building/444-manhattan-avenue-new_york/1b?featured=1
Rental Unit,Rego Park,64-33 98th Street #2B,"$1,650","40.72961943,-73.85688643",Studio,1 Bath,NA,https://streeteasy.com/building/64_33-98-street-rego_park/2b
Rental Unit,Ditmars-Steinway,23-11 31st Street #4B,"$2,200","40.7738879,-73.91299889",1 Bed,1 Bath,NA,https://streeteasy.com/building/23_11-31-street-astoria/4b
Rental Unit,Briarwood,138-28 Queens Boulevard #2K,"$2,250","40.70792798,-73.81827439",1 Bed,1 Bath,510,https://streeteasy.com/building/le-tour/2k?infeed=1
Rental Unit,Rego Park,97-45 63 Drive #6J,"$2,395","40.73106879,-73.85921779",1 Bed,1 Bath,NA,https://streeteasy.com/building/97_45-63-drive-rego_park/6j
Rental Unit,Upper West Side,46 West 86th Street #4C,"$2,100","40.78596391,-73.97167085",Studio,1 Bath,NA,https://streeteasy.com/building/46-west-86-street-new_york/4c
Co-op,Forest Hills,65-08 108th Street #3A,"$1,950","40.73118502,-73.84913278",1 Bed,1 Bath,750,https://streeteasy.com/building/65_10-108-street-forest_hills/3a
Rental Unit,Fort George,1 Broadway Terrace #3D,"$1,875","40.85703809,-73.93168796",1 Bed,1 Bath,NA,https://streeteasy.com/building/1-broadway-terrace-new_york/3d
Rental Unit,Rego Park,96-11 65 Road #512J,"$1,600","40.72752238,-73.85907014",Studio,1 Bath,NA,https://streeteasy.com/building/96_11-65-road-rego_park/512j
Rental Unit,Kew Gardens,83-43 118th Street #1,"$1,700","40.7057991,-73.83380127",1 Bed,1 Bath,700,https://streeteasy.com/building/83_43-118-street-kew_gardens/1
Co-op,Bay Ridge,7200 Ridge Boulevard #222,"$1,845","40.63399887,-74.03070068",1 Bed,1 Bath,NA,https://streeteasy.com/building/190-72-street-brooklyn/222
Co-op,Kensington,430 Ocean Parkway #1,"$1,725","40.63810136,-73.97375497",Studio,1 Bath,NA,https://streeteasy.com/building/430-ocean-parkway-brooklyn/1
Rental Unit,Bay Ridge,235 73rd Street #4,"$1,500","40.63337703,-74.0285526",1 Bed,1 Bath,NA,https://streeteasy.com/building/235-73-street-brooklyn/4
Rental Unit,South Harlem,1309 Fifth Avenue #4C,"$2,400","40.79680564,-73.94813965",Studio,1 Bath,NA,https://streeteasy.com/building/the-heritage-at-1301-5th-avenue/4c?featured=1
Rental Unit,South Harlem,444 Manhattan Avenue #1B,"$2,780","40.80649948,-73.95549774",Studio,1 Bath,NA,https://streeteasy.com/building/444-manhattan-avenue-new_york/1b?featured=1
Rental Unit,Bedford-Stuyvesant,1257 Bedford Avenue #1/A,"$2,400","40.68013103,-73.9529354",1 Bed,1 Bath,NA,https://streeteasy.com/building/1257-bedford-avenue-brooklyn/1a
Rental Unit,Yorkville,226 East 85th Street #4,"$2,295","40.77742458,-73.95338657",1 Bed,1 Bath,NA,https://streeteasy.com/building/226-east-85-street-new_york/4
Rental Unit,Briarwood,138-28 Queens Boulevard #5C,"$2,400","40.70792798,-73.81827439",1 Bed,1 Bath,590,https://streeteasy.com/building/le-tour/5c?infeed=1
Co-op,Bay Ridge,580 84th Street #66,"$1,500","40.62152615,-74.02359809",Studio,1 Bath,550,https://streeteasy.com/building/580-84-street-brooklyn/66
Rental Unit,Kensington,567 Ocean Parkway #2D,"$2,188","40.63457934,-73.97180357",1 Bed,2 Baths,NA,https://streeteasy.com/building/567-ocean-parkway-brooklyn/2d
Condo,Kensington,150 Ocean Parkway #6B,"$2,095","40.64653922,-73.9755246",1 Bed,1 Bath,800,https://streeteasy.com/building/150-ocean-parkway-brooklyn/rental/3901356
Rental Unit,South Harlem,304 West 112th Street #1E,"$1,988","40.80191484,-73.95797107",Studio,1 Bath,NA,https://streeteasy.com/building/304-west-112-street-new_york/1e
Rental Unit,Crown Heights,901 Washington Avenue #177,"$2,380","40.66788425,-73.9613935",1 Bed,1 Bath,NA,https://streeteasy.com/building/901-washington-avenue-brooklyn/177
Rental Unit,Forest Hills,66-20 108th Street #4G,"$1,950","40.72985011,-73.84840336",1 Bed,1 Bath,800,https://streeteasy.com/building/66_20-108-street-forest_hills/4g
Rental Unit,Greenwood,306 21st Street #3,"$1,999","40.65972466,-73.99102175",Studio,1 Bath,NA,https://streeteasy.com/building/306-21-street-brooklyn/3
Rental Unit,Sunset Park,880 47th Street #B9,"$2,100","40.64144476,-74.00019097",1 Bed,1 Bath,NA,https://streeteasy.com/building/880-47-street-brooklyn/b9
Rental Unit,Kensington,3765 18th Avenue #B16,"$1,750","40.6342191,-73.96920964",1 Bed,1 Bath,NA,https://streeteasy.com/building/3765-18-avenue-brooklyn/b16
Rental Unit,South Harlem,1309 Fifth Avenue #4C,"$2,400","40.79680564,-73.94813965",Studio,1 Bath,NA,https://streeteasy.com/building/the-heritage-at-1301-5th-avenue/4c?featured=1
Rental Unit,South Harlem,444 Manhattan Avenue #1B,"$2,780","40.80649948,-73.95549774",Studio,1 Bath,NA,https://streeteasy.com/building/444-manhattan-avenue-new_york/1b?featured=1
Rental Unit,Washington Heights,473 West 158th Street #57,"$1,650","40.83302652,-73.93999513",1 Bed,1 Bath,NA,https://streeteasy.com/building/473-west-158-street-new_york/57
Rental Unit,Astoria,34-17 30th Street #3E,"$2,300","40.75939793,-73.92824701",1 Bed,1 Bath,NA,https://streeteasy.com/building/34_17-30-street-astoria/3e
Rental Unit,Briarwood,138-28 Queens Boulevard #2K,"$2,250","40.70792798,-73.81827439",1 Bed,1 Bath,510,https://streeteasy.com/building/le-tour/2k?infeed=1
Rental Unit,South Harlem,35 Central Park North #2C,"$2,300","40.79793498,-73.95101373",1 Bed,1 Bath,NA,https://streeteasy.com/building/35-central-park-north-new_york/2c
Condo,East Harlem,1635 Lex Avenue #7E,"$2,200","40.79050064,-73.94730377",Studio,1 Bath,NA,https://streeteasy.com/building/lexington-hill-condominiums/7e
Rental Unit,Rego Park,93-10 Queens Boulevard #3H,"$1,975","40.7311899,-73.86641939",1 Bed,1 Bath,900,https://streeteasy.com/building/93_10-queens-boulevard-rego_park/3h
Rental Unit,Upper West Side,226 West 78th Street #5F,"$2,250","40.78267196,-73.97990879",Studio,1 Bath,NA,https://streeteasy.com/building/226-west-78-street-new_york/5f
Condo,Rego Park,64-48 Booth Street #5B,"$2,050","40.72749696,-73.86073345",1 Bed,1 Bath,900,https://streeteasy.com/building/64_48-booth-street-rego_park/5b
Rental Unit,Kew Gardens,83-43 118th Street #5L,"$1,950","40.7057991,-73.83380127",1 Bed,1 Bath,800,https://streeteasy.com/building/83_43-118-street-kew_gardens/5l
Rental Unit,Bedford-Stuyvesant,7 Spencer Place #2C,"$2,295","40.68174552,-73.95432597",Studio,1 Bath,NA,https://streeteasy.com/building/7-spencer-place-brooklyn/2c
Co-op,Forest Hills,110-11 72nd Avenue #1F,"$2,000","40.72134696,-73.8403669",1 Bed,1 Bath,900,https://streeteasy.com/building/barclay-plaza-north/1f
Rental Unit,Fort Hamilton,59 Gelston Avenue #3M,"$1,650","40.61956581,-74.02619812",Studio,1 Bath,NA,https://streeteasy.com/building/59-gelston-avenue-brooklyn/3m
Rental Unit,South Harlem,1309 Fifth Avenue #4C,"$2,400","40.79680564,-73.94813965",Studio,1 Bath,NA,https://streeteasy.com/building/the-heritage-at-1301-5th-avenue/4c?featured=1
Rental Unit,South Harlem,444 Manhattan Avenue #1B,"$2,780","40.80649948,-73.95549774",Studio,1 Bath,NA,https://streeteasy.com/building/444-manhattan-avenue-new_york/1b?featured=1
Rental Unit,Weeksville,1689 Sterling Place #F,"$2,235","40.67126011,-73.92279749",1 Bed,1.5 Baths,NA,https://streeteasy.com/building/1689-sterling-place-brooklyn/f
Rental Unit,Clinton Hill,491 Myrtle Avenue #3B,"$2,359","40.69371114,-73.96553278",Studio,1 Bath,NA,https://streeteasy.com/building/491-myrtle-avenue-brooklyn/3b
Rental Unit,Briarwood,138-28 Queens Boulevard #2K,"$2,250","40.70792798,-73.81827439",1 Bed,1 Bath,510,https://streeteasy.com/building/le-tour/2k?infeed=1
Rental Unit,Sunnyside,45-25 43rd Street #5K,"$1,950","40.74250775,-73.92136526",Studio,1 Bath,NA,https://streeteasy.com/building/45_25-43-street-sunnyside/5k
Rental Unit,Hamilton Heights,614 Saint Nicholas Avenue #4D,"$2,300","40.82086486,-73.94590613",1 Bed,1 Bath,NA,https://streeteasy.com/building/614-st-nicholas-avenue-new_york/4d
Rental Unit,Sunnyside,41-22 42nd Street #1A,"$2,275","40.74633447,-73.92215111",1 Bed,1 Bath,NA,https://streeteasy.com/building/41_22-42-street-sunnyside/1a
Rental Unit,East Village,144 East 7th Street #B4,"$2,400","40.72551309,-73.98283032",Studio,1 Bath,NA,https://streeteasy.com/building/142-east-7-street-new_york/b4
Rental Unit,Bath Beach,289 Bay 17th Street #A17,"$1,675","40.60200119,-74.0089035",1 Bed,1 Bath,735,https://streeteasy.com/building/289-bay-17-street-brooklyn/a17
Rental Unit,Lenox Hill,255 East 61st Street #4A,"$2,300","40.76210022,-73.96360016",Studio,1 Bath,NA,https://streeteasy.com/building/255-east-61-street-manhattan/4a
Condo,Astoria,24-52 38th Street #1,"$2,100","40.76843116,-73.91274247",Studio,1 Bath,500,https://streeteasy.com/building/24_52-38-street-queens/1
Rental Unit,Kew Gardens Hills,150-38 Union Tnpk #8D,"$1,795","40.71850278,-73.8109693",Studio,1 Bath,500,https://streeteasy.com/building/150_38-union-turnpike-flushing/8d
Rental Unit,Rego Park,65-11 Booth Street #3A,"$2,300","40.72753115,-73.85951029",1 Bed,1 Bath,680,https://streeteasy.com/building/65_11-booth-street-rego_park/3a
Co-op,Hudson Heights,340 Haven Avenue #2D,"$2,200","40.85110092,-73.94159698",1 Bed,1 Bath,NA,https://streeteasy.com/building/lafayette-gardens-340-haven-avenue-new_york/2d?featured=1
Rental Unit,South Harlem,444 Manhattan Avenue #1B,"$2,780","40.80649948,-73.95549774",Studio,1 Bath,NA,https://streeteasy.com/building/444-manhattan-avenue-new_york/1b?featured=1
Rental Unit,Weeksville,201 Troy Avenue #3C,"$2,349","40.67252534,-73.93603347",1 Bed,1 Bath,NA,https://streeteasy.com/building/201-troy-avenue-brooklyn/3c
Rental Unit,Kew Gardens,83-46 118th Street #5R,"$1,850","40.70572686,-73.83479218",1 Bed,1 Bath,850,https://streeteasy.com/building/83_46-118-street-kew_gardens/5r
Rental Unit,Briarwood,138-28 Queens Boulevard #4B,"$2,350","40.70792798,-73.81827439",1 Bed,1 Bath,500,https://streeteasy.com/building/le-tour/4b?infeed=1
Rental Unit,Kew Gardens,83-46 118th Street #1L,"$1,700","40.70572686,-73.83479218",1 Bed,1 Bath,750,https://streeteasy.com/building/83_46-118-street-kew_gardens/1l
Rental Unit,Kensington,200 East 8th Street #4F,"$1,950","40.64511394,-73.97226758",1 Bed,1 Bath,NA,https://streeteasy.com/building/200-east-8-street-brooklyn/4f
Rental Unit,Bedford-Stuyvesant,659 Greene Avenue #1,"$2,300","40.68962322,-73.94254013",1 Bed,1 Bath,700,https://streeteasy.com/building/659-greene-avenue-brooklyn/rental/3899041
Rental Unit,Financial District,160 Front Street #4H,"$2,400","40.70607585,-74.00557248",Studio,1 Bath,NA,https://streeteasy.com/building/156-front-street-new_york/4h
Rental Unit,East Harlem,311 East 109th Street #FOURE,"$2,100","40.79244315,-73.94016172",1 Bed,1 Bath,NA,https://streeteasy.com/building/311-east-109-street-new_york/foure
Condo,Astoria,12-15 Broadway #126,"$2,180","40.76700434,-73.93405466",Studio,1 Bath,NA,https://streeteasy.com/building/12_15-broadway-astoria/126
Rental Unit,East Harlem,311 East 109th Street #ONED,"$1,958","40.79244315,-73.94016172",1 Bed,1 Bath,NA,https://streeteasy.com/building/311-east-109-street-new_york/oned
Rental Unit,Bay Ridge,140 Bay Ridge Parkway #67,"$1,625","40.63218217,-74.03188827",1 Bed,1 Bath,NA,https://streeteasy.com/building/140-bay-ridge-parkway-brooklyn/67
Rental Unit,East Harlem,319 East 108th Street #6B,"$2,325","40.79161973,-73.94016246",1 Bed,1 Bath,NA,https://streeteasy.com/building/319-east-108-street-new_york/6b
Rental Unit,South Harlem,444 Manhattan Avenue #1B,"$2,780","40.80649948,-73.95549774",Studio,1 Bath,NA,https://streeteasy.com/building/444-manhattan-avenue-new_york/1b?featured=1
Co-op,Hudson Heights,340 Haven Avenue #2D,"$2,200","40.85110092,-73.94159698",1 Bed,1 Bath,NA,https://streeteasy.com/building/lafayette-gardens-340-haven-avenue-new_york/2d?featured=1
Rental Unit,Rego Park,65-62 Saunders Street #6C,"$1,900","40.72716108,-73.8576602",1 Bed,1 Bath,550,https://streeteasy.com/building/65_62-saunders-street-rego_park/6c
Rental Unit,Hamilton Heights,48 Saint Nicholas' Place #BSMT,"$2,100","40.82863823,-73.94098555",1 Bed,1 Bath,NA,https://streeteasy.com/building/48-st-nicholas-place-new_york/bsmt
Rental Unit,Briarwood,138-28 Queens Boulevard #4B,"$2,350","40.70792798,-73.81827439",1 Bed,1 Bath,500,https://streeteasy.com/building/le-tour/4b?infeed=1
Rental Unit,Fort Hamilton,137 88th Street #3C,"$1,625","40.62320563,-74.03556193",1 Bed,1 Bath,NA,https://streeteasy.com/building/147-88-street-brooklyn/3c
Rental Unit,Bay Ridge,7520 Ridge Boulevard #1E,"$1,600","40.63168011,-74.03102697",Studio,1 Bath,NA,https://streeteasy.com/building/7520-ridge-boulevard-brooklyn/1e
Rental Unit,Murray Hill (Queens),144-45 35th Avenue #1D,"$1,650","40.76645219,-73.82209298",Studio,1 Bath,550,https://streeteasy.com/building/144_45-35-avenue-flushing/1d
Rental Unit,Astoria,25-16 33rd Street #21,"$2,200","40.76948852,-73.91731884",1 Bed,1 Bath,700,https://streeteasy.com/building/25_16-33-street-astoria/21
Rental Unit,Kew Gardens,83-46 118th Street #5I,"$1,850","40.70572686,-73.83479218",1 Bed,1 Bath,750,https://streeteasy.com/building/83_46-118-street-kew_gardens/5i
Rental Unit,Kensington,465 East Seventh Street #35,"$2,000","40.6403928,-73.97181553",1 Bed,1 Bath,800,https://streeteasy.com/building/465-east-7-street-brooklyn/35
Rental Unit,Fort Hamilton,8829 Ft Hamilton Parkway #I2,"$1,600","40.61872884,-74.0253369",Studio,1 Bath,450,https://streeteasy.com/building/8829-ft-hamilton-parkway-brooklyn/i2
Rental Unit,Kensington,430 Ocean Parkway #4K,"$1,925","40.63810136,-73.97375497",1 Bed,1 Bath,NA,https://streeteasy.com/building/430-ocean-parkway-brooklyn/4k
Rental Unit,Upper West Side,162 West 80th Street #2H,"$2,400","40.78340149,-73.97750092",Studio,1 Bath,NA,https://streeteasy.com/building/162-west-80-street-new_york/2h
Rental Unit,South Harlem,1309 Fifth Avenue #4C,"$2,400","40.79680564,-73.94813965",Studio,1 Bath,NA,https://streeteasy.com/building/the-heritage-at-1301-5th-avenue/4c?featured=1
Rental Unit,South Harlem,444 Manhattan Avenue #1B,"$2,780","40.80649948,-73.95549774",Studio,1 Bath,NA,https://streeteasy.com/building/444-manhattan-avenue-new_york/1b?featured=1
Co-op,Forest Hills,110-55 72 Road #505,"$1,675","40.72090149,-73.83940125",Studio,1 Bath,NA,https://streeteasy.com/building/110_55-72-road-forest_hills/505
Rental Unit,Rego Park,64-45 Booth Street #309,"$2,100","40.72796348,-73.86066032",1 Bed,1 Bath,975,https://streeteasy.com/building/64_45-booth-street-rego_park/309
Rental Unit,Briarwood,138-28 Queens Boulevard #2J,"$2,400","40.70792798,-73.81827439",1 Bed,1 Bath,570,https://streeteasy.com/building/le-tour/2j?infeed=1
Rental Unit,Windsor Terrace,31 Ocean Parkway #12,"$2,390","40.64978599,-73.97412156",1 Bed,1 Bath,NA,https://streeteasy.com/building/31-ocean-parkway-brooklyn/12
Rental Unit,Bath Beach,8635 21st Avenue #2E,"$1,525","40.6023781,-73.99659328",Studio,1 Bath,500,https://streeteasy.com/building/8633-21-avenue-brooklyn/2e
Rental Unit,Prospect Park South,1915 Beverley Road #503,"$2,600","40.6447869,-73.9605697",Studio,1 Bath,NA,https://streeteasy.com/building/1915-beverley-road-brooklyn/503
Rental Unit,Kew Gardens,125-10 Queens Boulevard #1503,"$1,895","40.7118988,-73.8266983",Studio,1 Bath,NA,https://streeteasy.com/building/125_10-queens-boulevard-kew_gardens/1503
Rental Unit,Kew Gardens Hills,150-45 72 Road #1HH,"$1,999","40.72792219,-73.81566181",1 Bed,1 Bath,NA,https://streeteasy.com/building/150_45-72-road-flushing/1hh
Rental Unit,Kew Gardens Hills,72-50 153rd Street #1H,"$1,999","40.72669983,-73.81549835",1 Bed,1 Bath,NA,https://streeteasy.com/building/72_50-153-street-flushing/1h
Rental Unit,Rego Park,94-19 66th Avenue #6A,"$2,000","40.72551702,-73.85769618",1 Bed,1 Bath,NA,https://streeteasy.com/building/94_19-66-avenue-rego_park/6a
Rental Unit,Lenox Hill,425 East 74th Street #3D,"$2,400","40.76882277,-73.95387635",Studio,1 Bath,NA,https://streeteasy.com/building/425-east-74-street-new_york/3d
Rental Unit,Manhattan Valley,82 West 105th Street #4C,"$2,295","40.79827166,-73.96328268",Studio,1 Bath,NA,https://streeteasy.com/building/the-parker-house/4c
Rental Unit,East Harlem,258 East 112nd Street #2C,"$2,175","40.79435337,-73.93995775",1 Bed,1 Bath,650,https://streeteasy.com/building/258-east-112-street-new_york/2c?featured=1
Rental Unit,South Harlem,444 Manhattan Avenue #1B,"$2,780","40.80649948,-73.95549774",Studio,1 Bath,NA,https://streeteasy.com/building/444-manhattan-avenue-new_york/1b?featured=1
Rental Unit,Kensington,49 Parkville Avenue #A5,"$2,200","40.62901931,-73.97580483",Studio,1 Bath,NA,https://streeteasy.com/building/49-parkville-avenue-brooklyn/a5
Rental Unit,Bath Beach,8635 21st Avenue #7N,"$1,900","40.6023781,-73.99659328",1 Bed,1 Bath,NA,https://streeteasy.com/building/8633-21-avenue-brooklyn/7n
Rental Unit,Briarwood,138-28 Queens Boulevard #2K,"$2,250","40.70792798,-73.81827439",1 Bed,1 Bath,510,https://streeteasy.com/building/le-tour/2k?infeed=1
Rental Unit,Hell's Kitchen,415 West 56th Street #VX,"$2,250","40.76781571,-73.98697106",Studio,1 Bath,NA,https://streeteasy.com/building/415-west-56-street-new_york/vx
Condo,Middle Village,62-98 Woodhaven Boulevard #5K,"$2,200","40.72441301,-73.86972598",1 Bed,1 Bath,721,https://streeteasy.com/building/62_98-woodhaven-boulevard-middle_village/rental/3897115
Rental Unit,Murray Hill (Queens),144-45 35th Avenue #1G,"$1,650","40.76645219,-73.82209298",Studio,1 Bath,NA,https://streeteasy.com/building/144_45-35-avenue-flushing/1g
Rental Unit,Murray Hill (Queens),144-45 35th Avenue #4S,"$1,874","40.76645219,-73.82209298",1 Bed,1 Bath,NA,https://streeteasy.com/building/144_45-35-avenue-flushing/4s
Co-op,Murray Hill,314 East 41st Street #203B,"$2,100","40.74860001,-73.9720993",Studio,1 Bath,300,https://streeteasy.com/building/314-east-41-street-new_york/203b
Co-op,Washington Heights,70 Haven Avenue #4D,"$2,400","40.84379959,-73.94309998",1 Bed,1 Bath,700,https://streeteasy.com/building/70-haven-avenue-new_york/rental/3896890
Rental Unit,Lincoln Square,243 West 63rd Street #3E,"$2,250","40.77399826,-73.98770142",Studio,1 Bath,NA,https://streeteasy.com/building/243-west-63-street-new_york/3e
Rental Unit,Washington Heights,79 Haven Avenue #15,"$2,300","40.84413006,-73.94233438",1 Bed,1 Bath,500,https://streeteasy.com/building/79-haven-avenue-new_york/15
Condo,Fort Hamilton,131 95th Street #3E,"$2,300","40.61700058,-74.03780365",1 Bed,1 Bath,800,https://streeteasy.com/building/127-95-street-brooklyn/3e
Co-op,Hudson Heights,340 Haven Avenue #2D,"$2,200","40.85110092,-73.94159698",1 Bed,1 Bath,NA,https://streeteasy.com/building/lafayette-gardens-340-haven-avenue-new_york/2d?featured=1
Rental Unit,Rego Park,97-45 63 Drive #6J,"$2,395","40.73106879,-73.85921779",1 Bed,1 Bath,NA,https://streeteasy.com/building/97_45-63-drive-rego_park/6j?featured=1
Co-op,Yorkville,519 East 81st Street #A,"$1,995","40.77245168,-73.94827776",Studio,1 Bath,NA,https://streeteasy.com/building/519-east-81-street-new_york/a
Rental Unit,Stuyvesant Heights,349 Chauncey Street #1,"$2,250","40.68166397,-73.92047074",1 Bed,1 Bath,NA,https://streeteasy.com/building/349-chauncey-street-brooklyn/1
Rental Unit,Briarwood,138-28 Queens Boulevard #5C,"$2,400","40.70792798,-73.81827439",1 Bed,1 Bath,590,https://streeteasy.com/building/le-tour/5c?infeed=1
Rental Unit,Forest Hills,111-32 76th Avenue #5F,"$2,150","40.71689472,-73.83629402",1 Bed,1 Bath,NA,https://streeteasy.com/building/111_32-76-avenue-forest_hills/5f
Rental Unit,Bay Ridge,218 74th Street #E2,"$1,600","40.63241884,-74.0295934",Studio,1 Bath,600,https://streeteasy.com/building/218-74-street-brooklyn/e2
Rental Unit,South Harlem,1309 Fifth Avenue #4C,"$2,400","40.79680564,-73.94813965",Studio,1 Bath,NA,https://streeteasy.com/building/the-heritage-at-1301-5th-avenue/4c
Rental Unit,Hamilton Heights,610 West 145th Street #4Z,"$2,275","40.82652418,-73.95141544",1 Bed,1 Bath,NA,https://streeteasy.com/building/606-west-145-street-new_york/4z
Rental Unit,Washington Heights,80 Haven Avenue #1Z,"$2,275","40.84418808,-73.94308972",1 Bed,1 Bath,NA,https://streeteasy.com/building/80-haven-avenue-new_york/1z
Rental Unit,Flushing,143-45 Sanford Avenue #407,"$2,150","40.75891169,-73.82165831",1 Bed,1 Bath,NA,https://streeteasy.com/building/143_45-sanford-avenue-flushing/407
Rental Unit,Flushing,132-70 Sanford Avenue #4G,"$2,100","40.75536826,-73.83078528",1 Bed,1 Bath,NA,https://streeteasy.com/building/132_70-sanford-avenue-flushing/4g
Rental Unit,Flushing,132-70 Sanford Avenue #5D,"$2,150","40.75536826,-73.83078528",1 Bed,1 Bath,NA,https://streeteasy.com/building/132_70-sanford-avenue-flushing/5d
Rental Unit,Park Slope,435 Seventh Avenue #1B,"$2,200","40.66330861,-73.98419801",Studio,1 Bath,NA,https://streeteasy.com/building/435-7-avenue-brooklyn/1b
Rental Unit,South Harlem,444 Manhattan Avenue #1B,"$2,780","40.80649948,-73.95549774",Studio,1 Bath,NA,https://streeteasy.com/building/444-manhattan-avenue-new_york/1b?featured=1
Co-op,Hudson Heights,340 Haven Avenue #2D,"$2,200","40.85110092,-73.94159698",1 Bed,1 Bath,NA,https://streeteasy.com/building/lafayette-gardens-340-haven-avenue-new_york/2d?featured=1
Rental Unit,Murray Hill (Queens),151-10 35th Avenue #0FF,"$1,899","40.76593479,-73.81256389",1 Bed,1 Bath,NA,https://streeteasy.com/building/151_10-35-avenue-flushing/0ff
Rental Unit,Flushing,143-45 Sanford Avenue #508,"$1,700","40.75891169,-73.82165831",Studio,1 Bath,NA,https://streeteasy.com/building/143_45-sanford-avenue-flushing/508
Rental Unit,Briarwood,138-28 Queens Boulevard #2J,"$2,400","40.70792798,-73.81827439",1 Bed,1 Bath,570,https://streeteasy.com/building/le-tour/2j?infeed=1
Rental Unit,West Harlem,25 Saint Nicholas Terrace #47,"$2,250","40.81323445,-73.95189839",1 Bed,1 Bath,NA,https://streeteasy.com/building/25-st-nicholas-terrace-new_york/47
Co-op,Forest Hills,67-30 Dartmouth Street #6G,"$1,650","40.72118669,-73.8562191",Studio,1 Bath,NA,https://streeteasy.com/building/67_30-dartmouth-street-forest_hills/6g
Rental Unit,Ocean Hill,2164 Fulton Street #1R,"$2,000","40.67799761,-73.91017488",Studio,1 Bath,NA,https://streeteasy.com/building/2164-fulton-street-brooklyn/1r
Rental Unit,Lenox Hill,167 East 77th Street #14,"$2,150","40.77350447,-73.95894577",Studio,1 Bath,NA,https://streeteasy.com/building/167-east-77-street-new_york/14
Co-op,Hudson Heights,120 Bennett Avenue #3D,"$2,400","40.85427336,-73.93503812",1 Bed,1 Bath,NA,https://streeteasy.com/building/120-bennett-avenue-new_york/3d
Rental Unit,Upper West Side,245 West 75th Street #2A,"$2,100","40.78163757,-73.98218756",Studio,1 Bath,NA,https://streeteasy.com/building/245-west-75-street-new_york/2a
Rental Unit,East Harlem,258 East 112nd Street #2C,"$2,175","40.79435337,-73.93995775",1 Bed,1 Bath,650,https://streeteasy.com/building/258-east-112-street-new_york/2c
Co-op,Forest Hills,67-11 Yellowstone Boulevard #3H,"$2,100","40.72838173,-73.84879855",1 Bed,1 Bath,NA,https://streeteasy.com/building/67_07-yellowstone-blvd-forest_hills/3h
Co-op,Kew Gardens,84-25 118th Street #2E,"$2,100","40.70344078,-73.83310272",1 Bed,1 Bath,840,https://streeteasy.com/building/84_25-118-street-kew_gardens/2e
Rental Unit,South Harlem,444 Manhattan Avenue #1B,"$2,780","40.80649948,-73.95549774",Studio,1 Bath,NA,https://streeteasy.com/building/444-manhattan-avenue-new_york/1b?featured=1
Co-op,Hudson Heights,340 Haven Avenue #2D,"$2,200","40.85110092,-73.94159698",1 Bed,1 Bath,NA,https://streeteasy.com/building/lafayette-gardens-340-haven-avenue-new_york/2d?featured=1
Rental Unit,Hudson Heights,733 West 183rd Street #4H,"$1,825","40.85214454,-73.9369596",1 Bed,1 Bath,NA,https://streeteasy.com/building/731-west-183-street-new_york/4h
Rental Unit,Fort Hamilton,150 95th Street #1,"$1,900","40.61688404,-74.03662114",1 Bed,1 Bath,NA,https://streeteasy.com/building/150-95-street-brooklyn/1
Rental Unit,Briarwood,138-28 Queens Boulevard #5C,"$2,400","40.70792798,-73.81827439",1 Bed,1 Bath,590,https://streeteasy.com/building/le-tour/5c?infeed=1
Rental Unit,Astoria,36-16 Astoria Boulevard South #3E,"$2,300","40.76900805,-73.91339516",1 Bed,1 Bath,NA,https://streeteasy.com/building/36_12-astoria-boulevard-s-astoria/3e
Rental Unit,Stuyvesant Heights,1086 Broadway #302,"$2,300","40.69420878,-73.93083065",1 Bed,1 Bath,NA,https://streeteasy.com/building/1086-broadway-brooklyn/302
Rental Unit,Murray Hill (Queens),144-25 33rd Avenue #1F,"$1,900","40.76866623,-73.82324594",1 Bed,1 Bath,NA,https://streeteasy.com/building/144_25-33-avenue-flushing/1f
Rental Unit,Hudson Heights,647 West 174th Street #2F,"$2,150","40.84594284,-73.93946301",1 Bed,1 Bath,NA,https://streeteasy.com/building/647-west-174-street-new_york/2f
Rental Unit,Prospect Park South,180 East 17th Street #211,"$1,500","40.64625894,-73.96390327",Studio,1 Bath,NA,https://streeteasy.com/building/180-east-17-street-brooklyn/rental/3894223
Rental Unit,Hunters Point,11-15 46 Road #4H,"$2,200","40.7458174,-73.94991163",1 Bed,1 Bath,NA,https://streeteasy.com/building/11_15-46-road-long_island_city/4h
Rental Unit,Hamilton Heights,580 Saint Nicholas Avenue #5E,"$2,150","40.81996201,-73.9462537",1 Bed,1 Bath,NA,https://streeteasy.com/building/580-st-nicholas-avenue-new_york/5e
Rental Unit,Washington Heights,523 West 160th Street #5A,"$1,990","40.83539963,-73.94180298",1 Bed,1 Bath,NA,https://streeteasy.com/building/523-west-160-street-new_york/5a
Rental Unit,Upper West Side,205 West 91st Street #4A,"$2,300","40.79130277,-73.97317092",Studio,1 Bath,NA,https://streeteasy.com/building/205-west-91-street-new_york/4a
Co-op,Hudson Heights,340 Haven Avenue #2D,"$2,200","40.85110092,-73.94159698",1 Bed,1 Bath,NA,https://streeteasy.com/building/lafayette-gardens-340-haven-avenue-new_york/2d?featured=1
Rental Unit,Rego Park,97-45 63 Drive #6J,"$2,395","40.73106879,-73.85921779",1 Bed,1 Bath,NA,https://streeteasy.com/building/97_45-63-drive-rego_park/6j?featured=1
Rental Unit,Upper West Side,330 West 85th Street #4F,"$2,300","40.78847701,-73.97960008",Studio,1 Bath,NA,https://streeteasy.com/building/328-west-85-street-new_york/4f
Rental Unit,Fort George,10 Hillside Avenue #4H,"$1,825","40.85910412,-73.93047117",1 Bed,1 Bath,NA,https://streeteasy.com/building/10-hillside-avenue-new_york/4h
Rental Unit,Briarwood,138-28 Queens Boulevard #2J,"$2,400","40.70792798,-73.81827439",1 Bed,1 Bath,570,https://streeteasy.com/building/le-tour/2j?infeed=1
Rental Unit,Kips Bay,220 East 29th Street #32,"$2,275","40.74185477,-73.97925348",Studio,1 Bath,NA,https://streeteasy.com/building/220-east-29-street-new_york/32
Co-op,Lenox Hill,221 East 76th Street #1B,"$2,200","40.77209854,-73.95749664",Studio,1 Bath,NA,https://streeteasy.com/building/221-east-76-street-new_york/1b
Rental Unit,East Harlem,334 East 105th Street #4C,"$2,295","40.78914198,-73.94161642",1 Bed,1 Bath,NA,https://streeteasy.com/building/334-east-105-street-new_york/4c
Co-op,Forest Hills,111-09 66th Avenue #1C,"$1,980","40.73139954,-73.84539795",1 Bed,1 Bath,NA,https://streeteasy.com/building/111_01-66-avenue-forest_hills/1c
Co-op,Kew Gardens,125-16 83 Drive #1E,"$1,795","40.70927355,-73.82760914",1 Bed,1 Bath,NA,https://streeteasy.com/building/125_16-83-drive-kew_gardens/1e
Rental Unit,Yorkville,417 East 81st Street #4C,"$2,395","40.77339935,-73.95050049",Studio,1 Bath,NA,https://streeteasy.com/building/417-east-81-street-new_york/rental/3893002
Co-op,Hudson Heights,100 Overlook Terrace #83,"$1,950","40.85630035,-73.93479919",1 Bed,1 Bath,NA,https://streeteasy.com/building/100-overlook-terrace-new_york/83
Rental Unit,Rego Park,65-04 Booth Street #5C,"$1,575","40.7272133,-73.85995473",Studio,1 Bath,355,https://streeteasy.com/building/65_04-booth-street-rego_park/5c
Condo,Kew Gardens,83-71 116th Street #6D,"$2,000","40.70459148,-73.83545502",1 Bed,1 Bath,700,https://streeteasy.com/building/83_71-116-street-richmond_hill/6d
Rental Unit,South Harlem,444 Manhattan Avenue #1B,"$2,780","40.80649948,-73.95549774",Studio,1 Bath,NA,https://streeteasy.com/building/444-manhattan-avenue-new_york/1b?featured=1
Rental Unit,Rego Park,97-45 63 Drive #6J,"$2,395","40.73106879,-73.85921779",1 Bed,1 Bath,NA,https://streeteasy.com/building/97_45-63-drive-rego_park/6j?featured=1
Rental Unit,Kew Gardens,118-80 Metro Avenue #EE1,"$1,800","40.7059814,-73.83238943",Studio,1 Bath,NA,https://streeteasy.com/building/the-wakehurst-place/ee1
Rental Unit,Lenox Hill,415 East 73rd Street #5E,"$2,400","40.76825755,-73.95437855",Studio,1 Bath,NA,https://streeteasy.com/building/415-east-73-street-new_york/5e
Rental Unit,Briarwood,138-28 Queens Boulevard #2K,"$2,250","40.70792798,-73.81827439",1 Bed,1 Bath,510,https://streeteasy.com/building/le-tour/2k?infeed=1
Co-op,Forest Hills,69-06 108th Street APT-503,"$2,200","40.72449875,-73.84570313",1 Bed,1 Bath,800,https://streeteasy.com/building/69_10-108-street-forest_hills/apt-503
Rental Unit,Park Slope,262 9th Street #310,"$2,300","40.66995972,-73.98856909",Studio,1 Bath,NA,https://streeteasy.com/building/the-deermar/310
Co-op,Forest Hills,67-12 Yellowston Boulevard #C23,"$2,250","40.72800064,-73.84970093",1 Bed,1 Bath,800,https://streeteasy.com/building/67_12-yellowstone-blvd-forest_hills/c23
Rental Unit,Astoria,25-16 33rd Street #17,"$2,180","40.76948852,-73.91731884",1 Bed,1 Bath,NA,https://streeteasy.com/building/25_16-33-street-astoria/17
Co-op,Forest Hills,99-21 67 Road #1B,"$1,700","40.72453307,-73.85444767",Studio,1 Bath,NA,https://streeteasy.com/building/99_21-67-road-forest_hills/1b
Rental Unit,Fort George,4410 Broadway #6J,"$1,895","40.85491443,-73.93295534",1 Bed,1 Bath,NA,https://streeteasy.com/building/4410-broadway-new_york/rental/3889718
Rental Unit,Kensington,70 Dahill Road #6R,"$2,400","40.64524477,-73.98130508",1 Bed,1 Bath,NA,https://streeteasy.com/building/70-dahill-road-brooklyn/6r
Co-op,Astoria,14-23 31st Avenue #4C,"$1,900","40.76819656,-73.93107511",1 Bed,1 Bath,500,https://streeteasy.com/building/14_17-31-avenue-astoria/rental/3889452
Rental Unit,East Harlem,234 East 118th Street #6,"$1,995","40.79844459,-73.93774365",1 Bed,1 Bath,NA,https://streeteasy.com/building/234-east-118-street-new_york/6
Rental Unit,South Harlem,1309 Fifth Avenue #4C,"$2,400","40.79680564,-73.94813965",Studio,1 Bath,NA,https://streeteasy.com/building/the-heritage-at-1301-5th-avenue/4c?featured=1
Rental Unit,Rego Park,97-45 63 Drive #6J,"$2,395","40.73106879,-73.85921779",1 Bed,1 Bath,NA,https://streeteasy.com/building/97_45-63-drive-rego_park/6j?featured=1
Rental Unit,Flushing,143-08 Roosevelt Avenue #609,"$1,500","40.76078703,-73.8238805",Studio,1 Bath,NA,https://streeteasy.com/building/143_08-roosevelt-avenue-flushing/609
Rental Unit,Hudson Heights,590 Fort Washington Avenue #4J4,"$2,300","40.85451032,-73.9366754",1 Bed,1 Bath,NA,https://streeteasy.com/building/590-ft-washington-avenue-new_york/4j4
Rental Unit,Briarwood,138-28 Queens Boulevard #2J,"$2,400","40.70792798,-73.81827439",1 Bed,1 Bath,570,https://streeteasy.com/building/le-tour/2j?infeed=1
Rental Unit,Fort Hamilton,226 97th Street #C4,"$1,895","40.61582795,-74.03451705",1 Bed,1 Bath,1,https://streeteasy.com/building/9702-3-avenue-brooklyn/c4
Rental Unit,Fort Hamilton,9229 Shore Road #6C,"$1,900","40.62003123,-74.0398936",Studio,1 Bath,NA,https://streeteasy.com/building/9229-shore-road-brooklyn/6c
Condo,Rego Park,65-50 Wetherole Street #1C,"$1,600","40.72569137,-73.85886115",Studio,1 Bath,495,https://streeteasy.com/building/65_50-wetherole-street-rego_park/1c
Rental Unit,Hell's Kitchen,353 West 44th Street #1C,"$2,500","40.75971087,-73.99106242",Studio,1 Bath,NA,https://streeteasy.com/building/353-west-44-street-new_york/1c
Co-op,Forest Hills,66-08 111st Street #1B,"$1,980","40.73139954,-73.84539795",1 Bed,1 Bath,NA,https://streeteasy.com/building/111_01-66-avenue-forest_hills/1b
Co-op,Hudson Heights,340 Haven Avenue #2D,"$2,200","40.85110092,-73.94159698",1 Bed,1 Bath,NA,https://streeteasy.com/building/lafayette-gardens-340-haven-avenue-new_york/2d
Co-op,Forest Hills,67-12 Yellowstone Boulevard #G4,"$1,800","40.72800064,-73.84970093",Studio,1 Bath,NA,https://streeteasy.com/building/67_12-yellowstone-blvd-forest_hills/g4
Rental Unit,Hudson Heights,12 Pinehurst Avenue #5II,"$2,200","40.84865241,-73.94050152",1 Bed,1 Bath,NA,https://streeteasy.com/building/12-pinehurst-avenue-new_york/5ii
Rental Unit,Forest Hills,113-11 76 Road #2C,"$2,000","40.71817606,-73.83405426",1 Bed,1 Bath,800,https://streeteasy.com/building/113_11-76-road-forest_hills/2c
Rental Unit,Rego Park,97-45 63 Drive #6J,"$2,395","40.73106879,-73.85921779",1 Bed,1 Bath,NA,https://streeteasy.com/building/97_45-63-drive-rego_park/6j?featured=1
Rental Unit,South Harlem,444 Manhattan Avenue #1B,"$2,780","40.80649948,-73.95549774",Studio,1 Bath,NA,https://streeteasy.com/building/444-manhattan-avenue-new_york/1b?featured=1
Rental Unit,Manhattan Valley,473 Central Park West #5B,"$2,400","40.79910484,-73.95965596",Studio,1 Bath,NA,https://streeteasy.com/building/473-central-park-west-new_york/5b
Rental Unit,Bay Ridge,130 Bay Ridge Parkway #4,"$1,895","40.63226715,-74.03227381",1 Bed,1 Bath,NA,https://streeteasy.com/building/130-bay-ridge-parkway-brooklyn/4
Rental Unit,Briarwood,138-28 Queens Boulevard #2J,"$2,400","40.70792798,-73.81827439",1 Bed,1 Bath,570,https://streeteasy.com/building/le-tour/2j?infeed=1
Rental Unit,Flushing,142-37 38th Avenue #2C,"$2,200","40.76216238,-73.825837",1 Bed,1 Bath,720,https://streeteasy.com/building/142_37-38-avenue-flushing/2c
Rental Unit,Astoria,34-19 30th Street #1J,"$1,938","40.75939793,-73.92824701",Studio,1 Bath,NA,https://streeteasy.com/building/34_17-30-street-astoria/1j
Condo,Ditmars-Steinway,45-02 Ditmars Boulevard #226,"$2,400","40.77000046,-73.9036026",1 Bed,1 Bath,859,https://streeteasy.com/building/pistilli-grand-manor/226
Rental Unit,Hell's Kitchen,331 West 43rd Street #2A,"$2,250","40.75871175,-73.9906294",Studio,1 Bath,NA,https://streeteasy.com/building/331-west-43-street-new_york/2a
Co-op,Rego Park,98-33 64th Avenue #1F,"$2,000","40.73100341,-73.85739221",1 Bed,1 Bath,NA,https://streeteasy.com/building/98_33-64-avenue-rego_park/1f
Condo,Hamilton Heights,660 Riverside Drive #2H,"$2,300","40.82590103,-73.95259857",1 Bed,1 Bath,400,https://streeteasy.com/building/660-riverside-drive-new_york/2h
Rental Unit,Yorkville,225 East 82nd Street #7D,"$2,295","40.77593741,-73.95457187",Studio,1 Bath,NA,https://streeteasy.com/building/225-east-82-street-new_york/7d
Rental Unit,Hudson Heights,802 West 190th Street #3K,"$1,850","40.8566202,-73.93524549",Studio,1 Bath,NA,https://streeteasy.com/building/802-west-190-street-new_york/3k
Rental Unit,Kew Gardens,83-09 Brevoort Street #6G,"$1,900","40.70524701,-73.82947342",1 Bed,1 Bath,NA,https://streeteasy.com/building/122_04-metropolitan-avenue-kew_gardens/6g
Rental Unit,Rego Park,97-45 63 Drive #6J,"$2,395","40.73106879,-73.85921779",1 Bed,1 Bath,NA,https://streeteasy.com/building/97_45-63-drive-rego_park/6j?featured=1
Rental Unit,South Harlem,444 Manhattan Avenue #1B,"$2,780","40.80649948,-73.95549774",Studio,1 Bath,NA,https://streeteasy.com/building/444-manhattan-avenue-new_york/1b?featured=1
Rental Unit,Lenox Hill,507 East 73rd Street #2,"$2,195","40.76745531,-73.95246575",Studio,1 Bath,NA,https://streeteasy.com/building/507-east-73-street-new_york/2
Rental Unit,Fort George,560 Audobon Avenue #77A,"$1,699","40.85660437,-73.9271155",Studio,1 Bath,500,https://streeteasy.com/building/560-audubon-avenue-new_york/77a
Rental Unit,Briarwood,138-28 Queens Boulevard #5C,"$2,400","40.70792798,-73.81827439",1 Bed,1 Bath,590,https://streeteasy.com/building/le-tour/5c?infeed=1
Rental Unit,Forest Hills,72-38 113rd Street #4D,"$2,150","40.72090149,-73.83730316",1 Bed,1 Bath,950,https://streeteasy.com/building/72_38-113-street-forest_hills/4d
Rental Unit,Woodside,40-20 69th Street #2F,"$2,250","40.74562532,-73.89647805",1 Bed,1 Bath,NA,https://streeteasy.com/building/40_20-69-street-woodside/2f
Rental Unit,Stuyvesant Heights,1620 Fulton Street #10C,"$2,277","40.679431,-73.9383167",1 Bed,1 Bath,618,https://streeteasy.com/building/the-garnet/10c
Rental Unit,Washington Heights,735 West 172nd Street #A44,"$2,000","40.84549681,-73.94210188",1 Bed,1 Bath,NA,https://streeteasy.com/building/735-west-172-street-new_york/a44
Co-op,Kensington,430 Ocean Parkway #2,"$1,899","40.63810136,-73.97375497",1 Bed,1 Bath,NA,https://streeteasy.com/building/430-ocean-parkway-brooklyn/2
Co-op,Forest Hills,69-09 108th Street #109,"$1,450","40.72471842,-73.84503814",Studio,1 Bath,NA,https://streeteasy.com/building/69_09-108-street-forest_hills/109
Rental Unit,Flushing,132-70 Sanford Avenue #3H,"$2,150","40.75536826,-73.83078528",1 Bed,1 Bath,NA,https://streeteasy.com/building/132_70-sanford-avenue-flushing/3h
Rental Unit,Hamilton Heights,526 West 145th Street #2L,"$2,025","40.82565871,-73.94935651",Studio,1 Bath,NA,https://streeteasy.com/building/524-west-145-street-new_york/2l
Co-op,Hamilton Heights,345 West 145th Street #7A6A,"$1,950","40.82410049,-73.94409943",Studio,1 Bath,400,https://streeteasy.com/building/345-west-145-street-new_york/7a6a
Rental Unit,East Harlem,258 East 112nd Street #2C,"$2,175","40.79435337,-73.93995775",1 Bed,1 Bath,650,https://streeteasy.com/building/258-east-112-street-new_york/2c?featured=1
Rental Unit,Rego Park,97-45 63 Drive #6J,"$2,395","40.73106879,-73.85921779",1 Bed,1 Bath,NA,https://streeteasy.com/building/97_45-63-drive-rego_park/6j?featured=1
Co-op,Kew Gardens,83-60 118th Street #12K,"$1,875","40.70538357,-73.83465236",1 Bed,1 Bath,NA,https://streeteasy.com/building/83_60-118-street-kew_gardens/12k
Rental Unit,Upper East Side,66 East 80th Street #2B,"$2,395","40.77637334,-73.96073485",Studio,1 Bath,NA,https://streeteasy.com/building/66-east-80-street-new_york/2b
Rental Unit,Briarwood,138-28 Queens Boulevard #4B,"$2,350","40.70792798,-73.81827439",1 Bed,1 Bath,500,https://streeteasy.com/building/le-tour/4b?infeed=1
Rental Unit,South Harlem,444 Manhattan Avenue #1B,"$2,780","40.80649948,-73.95549774",Studio,1 Bath,NA,https://streeteasy.com/building/444-manhattan-avenue-new_york/1b
Rental Unit,Yorkville,518 East 80th Street #4C,"$2,200","40.77135129,-73.94882738",Studio,1 Bath,NA,https://streeteasy.com/building/518-east-80-street-new_york/4c
Rental Unit,Flushing,132-25 Maple Avenue #5L,"$2,050","40.75453525,-73.83173667",1 Bed,1 Bath,NA,https://streeteasy.com/building/stoneridge-apartments/5l
Rental Unit,Weeksville,1262 Park Place #3,"$2,350","40.67231925,-73.93561189",1 Bed,1 Bath,NA,https://streeteasy.com/building/1262-park-place-brooklyn/3
Co-op,Turtle Bay,45 Tudor City Place #1716,"$2,300","40.74940109,-73.96990204",Studio,1 Bath,NA,https://streeteasy.com/building/45-tudor-city-place-new_york/1716
Co-op,Rego Park,66-10 Thornton Place #3D,"$2,000","40.72334113,-73.85827446",1 Bed,1.5 Baths,750,https://streeteasy.com/building/66_10-thornton-place-rego_park/3d
Co-op,Rego Park,66-15 Wetherole Street #C18,"$1,750","40.72568586,-73.85662429",1 Bed,1 Bath,NA,https://streeteasy.com/building/66_15-wetherole-street-rego_park/c18
Rental Unit,South Harlem,125 West 123rd Street #3A,"$2,300","40.8071667,-73.94751027",Studio,1 Bath,NA,https://streeteasy.com/building/125-west-123-street-new_york/3a
Condo,Prospect Park South,17 East 17th Street #C3,"$2,300","40.65060043,-73.96399689",1 Bed,1 Bath,NA,https://streeteasy.com/building/the-presidio-condominiums/rental/3871780
Rental Unit,South Harlem,1309 Fifth Avenue #4C,"$2,400","40.79680564,-73.94813965",Studio,1 Bath,NA,https://streeteasy.com/building/the-heritage-at-1301-5th-avenue/4c?featured=1
Rental Unit,East Harlem,258 East 112nd Street #2C,"$2,175","40.79435337,-73.93995775",1 Bed,1 Bath,650,https://streeteasy.com/building/258-east-112-street-new_york/2c?featured=1
Co-op,Fort Hamilton,9707 Fourth Avenue #6S,"$2,350","40.61431362,-74.03174647",1 Bed,1 Bath,NA,https://streeteasy.com/building/9707-4-avenue-brooklyn/6s
Rental Unit,Lincoln Square,248 West 64th Street #2G,"$2,250","40.77429962,-73.98760223",Studio,1 Bath,NA,https://streeteasy.com/building/244-west-64-street-new_york/2g
Rental Unit,Briarwood,138-28 Queens Boulevard #5C,"$2,400","40.70792798,-73.81827439",1 Bed,1 Bath,590,https://streeteasy.com/building/le-tour/5c?infeed=1
Co-op,Rego Park,66-15 Thornton Place #6H,"$2,000","40.72312887,-73.85752811",1 Bed,1 Bath,650,https://streeteasy.com/building/66_15-thornton-place-rego_park/6h
Rental Unit,Forest Hills,67-25 Clyde Street #7S,"$2,000","40.72226195,-73.85567202",1 Bed,1 Bath,NA,https://streeteasy.com/building/67_25-clyde-street-forest_hills/rental/3866226
Rental Unit,Clinton Hill,395 Washington Avenue #7,"$1,800","40.6866103,-73.96514343",Studio,1 Bath,NA,https://streeteasy.com/building/395-washington-avenue-brooklyn/7
Rental Unit,Fort George,247 Wadsworth Avenue #3W,"$2,250","40.85245215,-73.93248067",1 Bed,1 Bath,NA,https://streeteasy.com/building/245-wadsworth-avenue-new_york/3w
Rental Unit,Stuyvesant Heights,317 Bainbridge Street #1,"$1,750","40.68200945,-73.92399289",Studio,1 Bath,NA,https://streeteasy.com/building/317-bainbridge-street-brooklyn/1
Rental Unit,Rego Park,89-11 63 Drive #105,"$2,125","40.72534016,-73.86585025",1 Bed,1 Bath,1,https://streeteasy.com/building/89_11-63-drive-rego_park/105
Rental Unit,East Harlem,321 East 108th Street #1D,"$2,350","40.79161973,-73.94016246",1 Bed,1 Bath,NA,https://streeteasy.com/building/319-east-108-street-new_york/1d
Rental Unit,Washington Heights,1224 Saint Nicholas' Avenue #2B,"$1,695","40.84301069,-73.93793687",Studio,1 Bath,NA,https://streeteasy.com/building/1224-st-nicholas-avenue-new_york/2b
Condo,South Harlem,40 West 116th Street #B604,"$2,000","40.80099869,-73.94830322",Studio,1 Bath,475,https://streeteasy.com/building/kalahari-condominium/rental/3837102
Rental Unit,East Harlem,258 East 112nd Street #2C,"$2,175","40.79435337,-73.93995775",1 Bed,1 Bath,650,https://streeteasy.com/building/258-east-112-street-new_york/2c?featured=1
Rental Unit,Rego Park,97-45 63 Drive #6J,"$2,395","40.73106879,-73.85921779",1 Bed,1 Bath,NA,https://streeteasy.com/building/97_45-63-drive-rego_park/6j?featured=1
Rental Unit,Forest Hills,68-64 Yellowston Boulevard #B62,"$2,300","40.72469169,-73.8476322",1 Bed,1 Bath,NA,https://streeteasy.com/building/68_64-yellowstone-blvd-forest_hills/b62
Rental Unit,Hudson Heights,455 Fort Washington Avenue #4A,"$2,100","40.85050968,-73.93879015",1 Bed,1 Bath,NA,https://streeteasy.com/building/455-ft-washington-avenue-new_york/4a
Rental Unit,Briarwood,138-28 Queens Boulevard #5C,"$2,400","40.70792798,-73.81827439",1 Bed,1 Bath,590,https://streeteasy.com/building/le-tour/5c?infeed=1
Co-op,Kew Gardens,82-40 Austin Street #1K,"$1,650","40.71008524,-73.83079924",Studio,1 Bath,500,https://streeteasy.com/building/82_40-austin-street-kew_gardens/1k
Rental Unit,Fort George,475 West 186th Street #5K,"$2,164","40.85103297,-73.92767464",1 Bed,1 Bath,NA,https://streeteasy.com/building/475-west-186-street-new_york/5k
Rental Unit,Fort George,475 West 186th Street #5A,"$1,900","40.85103297,-73.92767464",Studio,1 Bath,NA,https://streeteasy.com/building/475-west-186-street-new_york/5a
Rental Unit,South Harlem,91 West 119th Street #5,"$2,100","40.80392522,-73.94759229",1 Bed,1 Bath,NA,https://streeteasy.com/building/91-west-119-street-new_york/5
Rental Unit,East Harlem,1890 Lexington Avenue #7A,"$2,390","40.79971991,-73.94111232",1 Bed,1 Bath,NA,https://streeteasy.com/building/the-parker-at-1894-lexington-avenue/7a
